i,j,corr
0,1,0.05411194876347341
0,2,0.006510173482384068
0,3,-0.06573754726930156
0,4,-0.029166821331140822
0,5,0.02392933301861718
0,6,0.04521668978737314
0,7,-0.032676209780788716
0,8,-0.025407616361415496
0,9,0.030292236161966357
0,10,0.09637223135274253
0,11,0.2617664912117415
0,12,0.09625249861742952
0,13,0.024919652652418293
0,14,-0.007287068487595511
0,15,0.022337992316845755
0,16,-0.024028039089377222
0,17,-0.1560911035484415
0,18,-0.1117215645353707
0,19,0.08791613001824448
0,20,0.03292565678918545
0,21,0.02228804605211943
0,22,-0.04146636243623036
0,23,-0.0433698273873416
0,24,-0.04639173685945317
0,25,-0.08455502504217943
0,26,0.003343112617086708
0,27,0.17529214718647426
0,28,-0.03186654572378189
0,29,0.035425500927448145
0,30,-0.04757802042902132
0,31,0.2116892875041314
0,32,0.15827316806642822
0,33,0.005212626319463929
0,34,-0.030774390795167868
0,35,-0.019471518605572582
0,36,0.023859054699363003
0,37,0.04177927743013632
0,38,-0.054844316305496764
0,39,-0.11224084529574041
0,40,0.015785420598631642
0,41,0.11737440620523727
0,42,0.2454966193020446
0,43,0.06476839058207164
0,44,-0.009332420632659284
0,45,0.06997050607253719
0,46,0.016706969582932524
0,47,0.06993886266829111
0,48,0.06977934042614539
0,49,0.08584405503564697
0,50,0.06289332375006482
0,51,-0.0539629271180212
0,52,0.07787990213358263
0,53,0.04573949318443939
0,54,0.09510132168015635
0,55,-0.12202720387698933
0,56,0.07580467064893967
0,57,-0.00013702339469583342
0,58,-0.05085806415727052
0,59,0.07878247571329176
0,60,-0.04417865303706033
0,61,-0.08158103367425631
0,62,-0.047257443217125814
0,63,-0.03151512962601445
1,2,0.0083644217721835
1,3,-0.09175645233413811
1,4,-0.062180105561089154
1,5,-0.15134618890858123
1,6,0.09595102487317086
1,7,-0.012722825554766944
1,8,-0.0992740897882898
1,9,0.028424635513327485
1,10,0.04353460151640137
1,11,-0.09712177910999663
1,12,0.15622870963479385
1,13,0.17371161118021344
1,14,0.020570675956217983
1,15,0.21591424381509683
1,16,0.024557913512983896
1,17,-0.16591370146270157
1,18,0.017242825805770197
1,19,-0.044520565512890034
1,20,0.05525948948875609
1,21,-0.047037599092302845
1,22,0.11065946920675282
1,23,0.0020492962992780224
1,24,0.088975984698505
1,25,-0.07594014640985024
1,26,-0.033314274139500805
1,27,-0.03709770273797843
1,28,-0.12528288099366128
1,29,0.0032356065900065022
1,30,-0.05664720409431728
1,31,-0.08399003659236458
1,32,0.07860684321024045
1,33,-0.02580235932532917
1,34,-0.025902820515735694
1,35,0.0551710680208428
1,36,0.011251310284155377
1,37,-0.011789046841147727
1,38,0.13473102684176225
1,39,0.06116919720187062
1,40,0.030335829902396454
1,41,0.1264920239007222
1,42,-0.04466615517837727
1,43,-0.02660278561919757
1,44,0.2278913192379781
1,45,0.13450835034508704
1,46,0.12368497001704454
1,47,-0.04299314384906915
1,48,0.0794461735500243
1,49,0.05602158792482118
1,50,-0.05031093573790314
1,51,-0.11618255311838921
1,52,0.0880256635639616
1,53,0.08735164091039978
1,54,-0.01229158554532062
1,55,-0.08774429840834504
1,56,0.1683590929370069
1,57,0.00826842031094607
1,58,-0.009996136842748549
1,59,-0.07942178350657635
1,60,-0.21182448575897275
1,61,0.053369424596773865
1,62,0.02996859560425626
1,63,-0.1491040787813131
2,3,0.001977430214929993
2,4,-0.21365182647034697
2,5,0.13676875489672677
2,6,0.09613923873022943
2,7,-0.2548784436793984
2,8,0.08274744415477615
2,9,-0.028133988917336736
2,10,-0.11851647479894337
2,11,0.08966055469989488
2,12,0.002101272660540408
2,13,-0.015236008400423528
2,14,-0.037428501100833754
2,15,0.07351868235417879
2,16,0.031168225318171337
2,17,0.039189821223381376
2,18,-0.32748897805320626
2,19,-0.07108605078991527
2,20,0.01016657138569468
2,21,-0.09753616009175593
2,22,0.10038182945232337
2,23,-0.027516287249006195
2,24,-0.041709433063056814
2,25,0.022069190170054088
2,26,0.1511822684954093
2,27,-0.2568640109697638
2,28,-0.029610789942615484
2,29,-0.050814699382119646
2,30,0.10063188621439245
2,31,0.041053046613575214
2,32,0.01073583767817352
2,33,-0.022064906417132504
2,34,0.10635205291109591
2,35,0.21680331873778536
2,36,-0.07334269111411597
2,37,-0.06166394433709407
2,38,0.012331692758476042
2,39,0.1417753453335171
2,40,0.005856979715028991
2,41,0.015385927929268075
2,42,0.06632797265289499
2,43,-0.24171717324704878
2,44,-0.06680216048955798
2,45,-0.058122378324333125
2,46,0.12408818791603177
2,47,-0.027821347426058737
2,48,-0.03835359993562788
2,49,0.016430884052780863
2,50,0.027206498987068506
2,51,-0.06790136066562426
2,52,-0.047069046503090996
2,53,-0.04532136550700866
2,54,-0.0013160801132572736
2,55,-0.03917327086179445
2,56,0.12721305551239664
2,57,-0.10453708463642422
2,58,-0.07039478178212757
2,59,0.21836274376761985
2,60,0.18045736185505312
2,61,0.11632450848596776
2,62,-0.21693050148528858
2,63,0.10417475054190527
3,4,0.023433915078072045
3,5,0.09551540926928341
3,6,-0.12924447170400713
3,7,0.15214383512572596
3,8,-0.008244283149144395
3,9,-0.11754093028309727
3,10,-0.04280893922165637
3,11,0.028076495587284644
3,12,-0.033621596119165674
3,13,0.014111936054027845
3,14,-0.06450808417028119
3,15,0.07986006635232815
3,16,-0.016884372267297585
3,17,-0.020645064779141985
3,18,0.01289797041014163
3,19,-0.06474396728327755
3,20,-0.0015170118445000389
3,21,0.02114931720723159
3,22,-0.08025132476444417
3,23,0.17294388132763494
3,24,-0.04962192018697633
3,25,0.21425753669840852
3,26,-0.0057718675835302475
3,27,0.014115512134950717
3,28,0.07396233923129548
3,29,0.012729951086944653
3,30,-0.04113647851667233
3,31,-0.05690988442112481
3,32,-0.13467742830137858
3,33,-0.09289474995984376
3,34,-0.015751986684479854
3,35,-0.09712305612153853
3,36,-0.0620548753243988
3,37,0.012409576406163997
3,38,-0.11305652818794427
3,39,-0.007982355231454599
3,40,0.04489431329899067
3,41,-0.09113866681727213
3,42,-0.07742957142725293
3,43,-0.0675183149022848
3,44,0.03000384533267614
3,45,-0.13057853379730158
3,46,0.04258811736248514
3,47,0.20605706551974864
3,48,0.11282292481804963
3,49,0.060047992168873875
3,50,0.012117110259325908
3,51,0.030326261330139426
3,52,-0.07897055138693854
3,53,0.08476756731326254
3,54,-0.09301169188495371
3,55,0.006708012630198123
3,56,-0.038950238029899775
3,57,-0.010643027518209398
3,58,0.0035730545868379883
3,59,-0.010976197729867467
3,60,0.09641830355934627
3,61,-0.024098705761127635
3,62,0.027573772234632223
3,63,0.06837380859407587
4,5,0.0032440731980711303
4,6,0.0103478705427128
4,7,-0.045158666989161024
4,8,0.1007235380204631
4,9,0.1355671184810773
4,10,-0.11517079136431575
4,11,-0.08628922777237165
4,12,-0.03508105356612987
4,13,-0.06768577674692008
4,14,-0.035477041290138386
4,15,0.0306155354183919
4,16,0.0425607344130715
4,17,0.09172385170122503
4,18,0.1339696160116342
4,19,-0.023418838798771525
4,20,0.016171827350413604
4,21,0.06750839018482459
4,22,-0.025418727426703935
4,23,0.09449134551124441
4,24,-0.001264747186855014
4,25,-0.05504136691686025
4,26,0.02647968535811756
4,27,0.26547283250424597
4,28,-0.02417858619702105
4,29,0.015315352505575842
4,30,0.04179984464905326
4,31,0.028506576669168466
4,32,-0.04125075110522334
4,33,-0.03211888187434749
4,34,-0.028286586497568066
4,35,-0.06563218600868284
4,36,0.07299356045475307
4,37,0.009297710348181967
4,38,0.03724904364042131
4,39,-0.0003080751923002865
4,40,0.04689312115628658
4,41,0.025364561852924516
4,42,-0.021358837318126628
4,43,-0.0007716473575150258
4,44,0.018966375723533824
4,45,-0.05836501174322172
4,46,0.017005566721130974
4,47,-0.0004347976486014428
4,48,-0.11316083427561056
4,49,0.17082357263942
4,50,0.15486283508301196
4,51,0.005895553009004306
4,52,0.09847789278690477
4,53,-0.0033973770220633442
4,54,-0.07221787834534121
4,55,0.01242108802198133
4,56,-0.03161351849552277
4,57,0.19232277854680577
4,58,0.09201157158526421
4,59,-0.1554114588571757
4,60,-0.0226659618834035
4,61,-0.12957663654838042
4,62,-0.04880274708791905
4,63,-0.07346958429878456
5,6,0.05422320416525784
5,7,-0.06966740406895398
5,8,-0.019595890453762258
5,9,-0.07701513919660617
5,10,-0.10462599022621324
5,11,0.14556574129925035
5,12,-0.010114173295676796
5,13,0.0381505292568576
5,14,0.07057578908968855
5,15,-0.03928885673980424
5,16,0.07724214494142527
5,17,0.15123442229802345
5,18,-0.06309295511852629
5,19,0.04317262552141214
5,20,0.10069577766911326
5,21,-0.11097228040679391
5,22,0.08149780705433357
5,23,-0.004394404632995861
5,24,-0.0021873858096217156
5,25,-0.03703623242483995
5,26,-0.03667894495767233
5,27,0.187341735042887
5,28,-0.03400020161682814
5,29,0.07173599745357097
5,30,-0.04514018744569574
5,31,-0.08030032394902992
5,32,0.0039951652411310355
5,33,0.010788197620183543
5,34,-0.013306763109546323
5,35,0.002673616067895488
5,36,0.055921979164649326
5,37,-0.0762176975598121
5,38,0.03199645579855322
5,39,0.012257162007521064
5,40,0.011276192816456998
5,41,0.09113123525379863
5,42,-0.10590426629983386
5,43,-0.20318079959682914
5,44,-0.0316852091340857
5,45,0.050684241680556616
5,46,0.1840624216291375
5,47,-0.14804603048036305
5,48,-0.11168687613825148
5,49,0.043548968456007586
5,50,0.24025272748254645
5,51,0.05468277674560127
5,52,0.029081265363350452
5,53,0.09920072838009433
5,54,0.03073703381457563
5,55,-0.04488200387926157
5,56,-0.0588399006363044
5,57,-0.06786975232473882
5,58,-0.0020084940239829983
5,59,0.17270601540796948
5,60,0.008151736881150026
5,61,-0.09095146679210464
5,62,0.1615386913720267
5,63,0.0086163913891125
6,7,-0.056323901052805374
6,8,0.026280129249422093
6,9,-0.08811998985808134
6,10,0.009931690666506858
6,11,0.0959454967502061
6,12,-0.0870385046704004
6,13,0.02009222555658408
6,14,0.1259853904975261
6,15,0.14369789491290413
6,16,-0.021223576796946055
6,17,0.028980078666281908
6,18,0.037545959033619986
6,19,0.06857751099608224
6,20,0.0391135188700307
6,21,0.06081861528036905
6,22,0.012789886419314115
6,23,-0.021709266358043076
6,24,0.06623236677924733
6,25,-0.08827540936455056
6,26,0.1216188098765671
6,27,0.03216692054584164
6,28,0.021497473243515083
6,29,0.03902802008584913
6,30,-0.012973122988917316
6,31,0.001336666549885984
6,32,-0.018804207787624306
6,33,-0.036281167922073226
6,34,0.021421593087114173
6,35,0.10838346438442593
6,36,0.09461457185649433
6,37,0.012713127627876982
6,38,0.059430507522403905
6,39,-0.01240998901815314
6,40,0.10834315092804117
6,41,0.030691589334391926
6,42,0.028249132112650597
6,43,-0.07130013797596471
6,44,0.07654298066089289
6,45,0.0018144549888790913
6,46,0.03301145676414397
6,47,-0.05714684677633872
6,48,-0.015031302708400833
6,49,0.043313122264916286
6,50,-0.05171746839127994
6,51,0.00011214410283643399
6,52,0.050156462736682686
6,53,-0.07546030726498663
6,54,-0.2858842750773373
6,55,-0.08237156146762338
6,56,0.17341292633887917
6,57,0.1723404793722256
6,58,-0.05828635217778822
6,59,0.05527251247777512
6,60,-0.09750169465647363
6,61,-0.060893212842993164
6,62,0.03023364497551003
6,63,0.03976878528938568
7,8,0.06886467836632822
7,9,0.011312105586720092
7,10,0.11233483691546305
7,11,0.10332289487998396
7,12,-0.13492442964414358
7,13,0.03616094535699424
7,14,-0.02964332751943739
7,15,-0.10921007473663087
7,16,-0.16929538493267016
7,17,-0.04248917493567711
7,18,0.07714636196218057
7,19,-0.007484146508051774
7,20,-0.04002725258004381
7,21,0.09016955066065636
7,22,-0.1226388575704674
7,23,0.004001707263641791
7,24,0.04699406463487457
7,25,0.032821658178617236
7,26,0.030881792416256933
7,27,-0.09951189604504251
7,28,0.06562892895252821
7,29,0.10194335560845696
7,30,-0.10241632941002785
7,31,0.063095635961472
7,32,-0.1306706266557289
7,33,0.05852171579620808
7,34,-0.0070836943752324915
7,35,-0.08604679747794605
7,36,0.04240186482738266
7,37,0.03988426099195726
7,38,-0.08090592959717745
7,39,-0.009453711520420337
7,40,-0.07966887358929008
7,41,-0.05498631497818919
7,42,-0.01681487527921663
7,43,-0.04695513426408089
7,44,0.11642211655909994
7,45,0.059001989051010416
7,46,-0.07092226017063567
7,47,-0.028029824595195436
7,48,0.07177003217817121
7,49,-0.04703752016880343
7,50,-0.09115969947202467
7,51,0.05888553815871489
7,52,0.01724289987875438
7,53,0.1432786441256932
7,54,0.0028928649077734005
7,55,-0.06746617558579816
7,56,-0.0923134168390706
7,57,0.053000287048938624
7,58,0.06204854448944888
7,59,-0.06006548360861072
7,60,0.08373574633424341
7,61,-0.026311858262498326
7,62,0.0248427978822085
7,63,-0.010797957575960804
8,9,-0.04113390104833015
8,10,0.04841375326704009
8,11,0.16891860873766312
8,12,-0.12809579150938097
8,13,-0.10102143908112655
8,14,-0.04573191260257954
8,15,0.03168386737007661
8,16,0.09194051504616294
8,17,0.08585067752376792
8,18,-0.1287921288367701
8,19,-0.02195613188611527
8,20,0.09574310497755124
8,21,0.07238728729341495
8,22,-0.0502118108402404
8,23,-0.03060590244095082
8,24,0.1155340902819493
8,25,-0.02499324323400486
8,26,0.0039461998659058055
8,27,0.04869390632165157
8,28,0.11038482079802638
8,29,-0.017402902788815032
8,30,-0.05305751051039207
8,31,0.10687617486725917
8,32,-0.06350993522207524
8,33,-0.06807078107600098
8,34,0.05058440836502631
8,35,-0.051593306180048155
8,36,0.08854842635413317
8,37,-0.01143737459671571
8,38,0.1010559094905293
8,39,0.023296217474538576
8,40,0.16987834740538826
8,41,0.07558897600793205
8,42,-0.06554318766784825
8,43,-0.1799902300594493
8,44,-0.11311248773657741
8,45,-0.014562202819979062
8,46,0.08570354022104935
8,47,-0.01728920793698485
8,48,-0.09823211185813613
8,49,0.0659790267129678
8,50,0.17846870243351826
8,51,-0.027880092625378092
8,52,-0.02097993412556665
8,53,-0.00573040193698893
8,54,-0.052520536886371545
8,55,0.05405167911005043
8,56,0.016139834928079296
8,57,-0.09020393755741621
8,58,-0.01768271438984676
8,59,0.2483453216046785
8,60,0.05040822106812679
8,61,-0.05160199591134106
8,62,-0.06725370861218745
8,63,0.04424937280568559
9,10,0.042150528923313266
9,11,-0.00045491971867928056
9,12,0.011437961723408656
9,13,-0.12146706363976068
9,14,-0.15951975143946603
9,15,-0.02190563743512102
9,16,0.05495649047132614
9,17,0.06124446945701449
9,18,0.03023840689207168
9,19,-0.01785526990347598
9,20,-0.03684576430087191
9,21,-0.015739407510118576
9,22,0.048360771430009705
9,23,0.042504063813416926
9,24,-0.055628145932015725
9,25,-0.2443147055580903
9,26,-0.13811275417075472
9,27,0.03552905149402814
9,28,-0.08709526412648877
9,29,-0.05878444337604808
9,30,-0.04206530273720116
9,31,0.02257781842625663
9,32,0.09707465619952979
9,33,0.02107469350712835
9,34,0.0007349067022789325
9,35,-0.03895877758594109
9,36,0.01792024997024785
9,37,0.24621495298153984
9,38,0.02685435761012561
9,39,0.09344258672945562
9,40,0.062021383757811875
9,41,0.01862983008950343
9,42,0.0031754941351551376
9,43,0.03620273771822731
9,44,-0.1792407353562379
9,45,-0.04606193771936588
9,46,0.06873502152758794
9,47,0.004970258673216737
9,48,-0.07910400140784396
9,49,0.13813492781284903
9,50,0.08335806466889185
9,51,-0.11928050151045419
9,52,0.09466527018119114
9,53,0.1913509321726687
9,54,0.1864580036852818
9,55,-0.07357103002698129
9,56,-0.011812782909245416
9,57,0.002848967229885634
9,58,0.052150140788716125
9,59,-0.018493370133303096
9,60,0.0132990998104212
9,61,0.04972550262784499
9,62,0.02512349451563746
9,63,-0.2437633862959861
10,11,0.27409516225618025
10,12,-0.17535264239465026
10,13,0.13454618166804397
10,14,0.015632024908209103
10,15,0.015395861859756702
10,16,0.02993980845608191
10,17,0.04416814771406513
10,18,-0.11251773452895349
10,19,-0.060790853010380945
10,20,0.128844410965633
10,21,-0.13826853112128784
10,22,0.1315574673653257
10,23,0.03716449286993306
10,24,0.025698243496515633
10,25,-0.06265484711523131
10,26,-0.0297862116310844
10,27,0.10152980197884026
10,28,0.035371401994824025
10,29,0.10304005474106394
10,30,-0.022137675980852606
10,31,0.0751751772785777
10,32,-0.045705725378861486
10,33,-0.21175303672908172
10,34,0.16967218722742824
10,35,-0.14155341461907248
10,36,-0.07162993555882105
10,37,0.01572818912830361
10,38,0.07239304541836522
10,39,-0.04528832041758984
10,40,0.03147534254696335
10,41,-0.015035053519346777
10,42,0.12784700532117477
10,43,0.24709607303975142
10,44,0.07493671287186908
10,45,0.029981878263372393
10,46,-0.07633060356042724
10,47,-0.05145385230449745
10,48,-0.0397380168469531
10,49,-0.0014448321884905967
10,50,-0.010622267870291578
10,51,-0.12881948549060834
10,52,0.0579949367504495
10,53,0.0980926293692338
10,54,-0.02819233988673307
10,55,-0.07934532299148091
10,56,0.011851661273377986
10,57,-0.04485829460897874
10,58,0.004182881761871858
10,59,-0.10444746124605402
10,60,0.025872069535843104
10,61,-0.06573833510981528
10,62,-0.06077105114008568
10,63,0.01854458973590248
11,12,-0.2033037460774468
11,13,0.1367309280619815
11,14,0.017784281524611926
11,15,-0.0377025533474018
11,16,-0.12765291729473924
11,17,-0.0027577890098051134
11,18,-0.055641225234474255
11,19,0.0546775596221903
11,20,-0.009804791341162623
11,21,0.02597449540881872
11,22,-0.15864650248690404
11,23,0.03948194095539946
11,24,-0.04211852644507006
11,25,-0.04652760359111701
11,26,-0.01618396785244176
11,27,0.006441849965233104
11,28,0.009518411884777846
11,29,0.01147943191854471
11,30,0.03728880677865897
11,31,0.07937056423612864
11,32,0.0083679013842768
11,33,-0.15654416769629778
11,34,-0.03052413220799324
11,35,0.08131127388866778
11,36,0.03638099921514128
11,37,-0.04814847869387375
11,38,-0.034842788918846186
11,39,-0.0775039094335468
11,40,0.19126086030718842
11,41,0.06608556682721836
11,42,-0.08420263526790925
11,43,-0.06523386069583743
11,44,0.03633975055232152
11,45,-0.06438263003285208
11,46,0.15680971927602413
11,47,-0.08853162336890781
11,48,-0.04383222512406046
11,49,0.05379188166251853
11,50,0.14707936861481236
11,51,0.03287344105746239
11,52,0.007972538314534847
11,53,0.12706366944016667
11,54,-0.04955785758418646
11,55,0.05649745323907291
11,56,0.008155066413746586
11,57,-0.08385842646255737
11,58,-0.01701039372264507
11,59,0.22035960696474338
11,60,0.030877221184513592
11,61,-0.0030931809056899133
11,62,-0.08038837559148894
11,63,0.03517417603221142
12,13,0.12599342947379003
12,14,-0.06614904731384001
12,15,0.13005808912882447
12,16,-0.07470273611910574
12,17,-0.37036395445837506
12,18,0.05745737730058269
12,19,-0.02100401906106241
12,20,0.09855206111568303
12,21,-0.022841013220499484
12,22,0.17976019551722008
12,23,0.06255265298012942
12,24,-0.15086680090336815
12,25,-0.048559260720024255
12,26,0.09361720421327857
12,27,-0.14620814016582626
12,28,-0.0629193119370594
12,29,-0.027606287587618444
12,30,-0.10249699422836722
12,31,0.07772410859988313
12,32,0.12375370231989367
12,33,0.05821847451754468
12,34,-0.0923687269159786
12,35,0.23430825008427594
12,36,-0.11163122304437452
12,37,0.021693187318441665
12,38,0.04220268146927619
12,39,-0.10105343140306725
12,40,0.02873019609829885
12,41,0.19370865325001804
12,42,0.11016690536605492
12,43,0.00852138224889215
12,44,0.05013723209108511
12,45,0.02889718682675175
12,46,0.12660719268392687
12,47,-0.061602957795763365
12,48,0.15051754742696355
12,49,0.059946455136543765
12,50,0.0012718199103852702
12,51,-0.16985780662047226
12,52,0.04032178137249665
12,53,-0.06295779544016869
12,54,0.08070055218637705
12,55,-0.08092918853648196
12,56,0.0539388493624261
12,57,-0.03613764961333868
12,58,-0.025538252583313555
12,59,-0.10112633298781992
12,60,-0.2880393328634516
12,61,0.3155823026689217
12,62,0.12912904247322285
12,63,0.05445302577806874
13,14,0.2524670750446065
13,15,0.1501452060761833
13,16,-0.04393491279083274
13,17,-0.10839176920865028
13,18,0.0008209965938130868
13,19,0.02250973183304008
13,20,0.05292609548659553
13,21,-0.07870198425928274
13,22,0.08017633428129649
13,23,-0.0175012725986322
13,24,0.09151332706766073
13,25,-0.11908476028464789
13,26,0.10895766132114358
13,27,-0.0037229869061511287
13,28,-0.004302076281159397
13,29,0.14698461152006456
13,30,-0.05983292481616494
13,31,0.05180358960735281
13,32,0.014532961520301682
13,33,-0.0464144621952407
13,34,0.08944501942981292
13,35,0.09725200162391921
13,36,-0.04138158897696379
13,37,-0.11215642919594593
13,38,0.1275940029032334
13,39,-0.030711743120844567
13,40,-0.014629601109546479
13,41,0.1488623234353297
13,42,-0.027612200946620837
13,43,0.010503231072548684
13,44,0.13812191667076212
13,45,0.06184184901363954
13,46,0.024774181072123428
13,47,-0.09729865502710931
13,48,0.08157075023065859
13,49,0.0300209175815208
13,50,-0.01829714630167199
13,51,-0.07715833038762336
13,52,0.11334408869564433
13,53,0.015302165690214755
13,54,-0.04637771295405413
13,55,-0.03761660483062548
13,56,0.035194812862754936
13,57,0.06447684899450405
13,58,-0.04951970464116753
13,59,0.07113660049291441
13,60,-0.16034865742261792
13,61,-0.0026592454558562657
13,62,-0.08369763702961026
13,63,0.11976488714124324
14,15,0.13071532984095802
14,16,-0.03139754756187702
14,17,-0.02222783146754457
14,18,0.017316858943027234
14,19,0.012012501379776393
14,20,-0.01839556778233246
14,21,-0.024093795689905228
14,22,0.011444870496491377
14,23,-0.05930140978264961
14,24,-0.023400643724430518
14,25,-0.14645156276467483
14,26,0.020677029914490906
14,27,-0.013961130377948317
14,28,-0.025400361916206014
14,29,0.015013180683569521
14,30,0.08853562205820589
14,31,0.06759724144471917
14,32,0.01946616546836472
14,33,0.10840640207478726
14,34,0.06849845398213264
14,35,0.05894810340558667
14,36,-0.014583778646067606
14,37,-0.021549414285451728
14,38,0.017401566189864177
14,39,0.01569597475406662
14,40,-0.10971338017299298
14,41,0.12815478124567806
14,42,0.06270530646405752
14,43,-0.08169747304799523
14,44,-0.0575093847958722
14,45,-0.06360964219396517
14,46,-0.022653191761905587
14,47,-0.16460155645370514
14,48,0.13004536042192433
14,49,-0.04191259129708938
14,50,0.03405551152864618
14,51,-0.14157447353127373
14,52,0.12544591017519294
14,53,-0.10461032634320667
14,54,-0.10375067483695569
14,55,-0.10171646896158688
14,56,-0.06665463466286749
14,57,0.03644709627634896
14,58,-0.10625172526379094
14,59,-0.01378276370006513
14,60,-0.04483479629618515
14,61,-0.09691389363319933
14,62,-0.06280546759564123
14,63,0.04495365015802073
15,16,-0.04943628132202525
15,17,-0.1493840659069824
15,18,0.12688408160029355
15,19,-0.0344904324716768
15,20,0.044900054173739115
15,21,0.15439845180834197
15,22,0.023935751802957907
15,23,0.03422388602723266
15,24,0.06818741956935426
15,25,-0.18172022899000773
15,26,0.03558569371657073
15,27,0.10700466136011713
15,28,-0.015049819465215476
15,29,-0.11028424963565887
15,30,-0.026741642217613402
15,31,-0.017546618754142863
15,32,0.028286857285259443
15,33,0.09674710247743283
15,34,-0.00486463455456835
15,35,0.08133006651896275
15,36,-0.06570741342386904
15,37,-0.08117420233708059
15,38,0.11675882441000467
15,39,-0.024612889671463037
15,40,0.0710611375825204
15,41,0.19042817912586205
15,42,-0.010166900103406947
15,43,-0.02758062367295334
15,44,0.13485042152630441
15,45,0.029945505988722008
15,46,0.04050621724856104
15,47,-0.01606908111574042
15,48,0.17227818409613996
15,49,0.003248525351159357
15,50,0.10904817301984039
15,51,-0.22903006806811269
15,52,0.05269039316483401
15,53,0.0910749660981582
15,54,-0.08908456419335956
15,55,-0.11402588225524632
15,56,0.11434341952452179
15,57,0.10503243561515903
15,58,-0.08449463457136226
15,59,-0.0688792445251868
15,60,-0.22414200175786453
15,61,0.022663755763949973
15,62,-0.016463427863550713
15,63,0.058187177783610884
16,17,0.21079584411863297
16,18,-0.030216661436842075
16,19,-0.05884971880525941
16,20,0.08503211434221072
16,21,-0.049215320988023906
16,22,0.06032372109760102
16,23,0.0023514455755661093
16,24,0.07059223993932934
16,25,0.016554058357322002
16,26,-0.21006261351685712
16,27,0.13357561882589658
16,28,-0.060181992025034124
16,29,-0.04175205851514331
16,30,-0.0030560347830308346
16,31,-0.07167035218799972
16,32,0.028519063409393784
16,33,-0.1640259107282457
16,34,0.01625598513312135
16,35,-0.17263147659048753
16,36,-0.06971708558530537
16,37,0.021873765174636586
16,38,0.06930457191755712
16,39,0.15689893970381744
16,40,0.06638338203831552
16,41,0.011994305385036983
16,42,-0.08968549748367209
16,43,0.04933159294565463
16,44,0.06616575183781513
16,45,-0.030970043840856623
16,46,0.27746012022183636
16,47,0.020192234550723352
16,48,-0.11212206586846776
16,49,0.049517112677772465
16,50,0.06928805023089028
16,51,-0.07147653600133508
16,52,0.006617863422272199
16,53,0.022886536125389406
16,54,-0.024085093224640516
16,55,0.04068850924839876
16,56,0.0015401586817363083
16,57,-0.09213721907585569
16,58,-0.00058278599846856
16,59,0.02427472632757114
16,60,-0.05392909386040364
16,61,-0.024795300314559898
16,62,-0.08115486926008549
16,63,0.04405282868224141
17,18,-0.10021542612138545
17,19,0.04933856050733917
17,20,-0.07029121958761421
17,21,0.029736954701282674
17,22,0.07199879063766178
17,23,-0.050729784143503855
17,24,0.008624769075003818
17,25,0.15461866553666734
17,26,-0.03364501722713443
17,27,0.2567484519769756
17,28,0.09516413204159546
17,29,0.007289531783046505
17,30,0.011210406351339694
17,31,-0.06825490553719904
17,32,-0.031020306761172095
17,33,-0.10224502486514055
17,34,-0.026191931354589398
17,35,-0.01312692575539443
17,36,0.045378989122944545
17,37,0.007681125255505254
17,38,-0.060215107483990844
17,39,0.19413764063882866
17,40,-0.012978612007882766
17,41,-0.059870752114416885
17,42,-0.16795147895289275
17,43,-0.053900223732892376
17,44,-0.035275173043215396
17,45,-0.025838940185900758
17,46,0.09142145888546721
17,47,-0.08095597150992868
17,48,-0.12292712108968093
17,49,-0.02740693297805762
17,50,0.13451482291264819
17,51,0.23809613071968597
17,52,-0.04490203874127911
17,53,0.054502210824894225
17,54,0.011767582049748204
17,55,0.14691615221468302
17,56,-0.008491728054162944
17,57,0.15074502530538542
17,58,0.05358928610428414
17,59,0.2761302768753005
17,60,0.2757830697920379
17,61,-0.11699664379432506
17,62,0.0009480680331222347
17,63,-0.15598933206087137
18,19,0.010350215562502296
18,20,0.03182185976194831
18,21,0.14130510185393752
18,22,0.03492349225381811
18,23,0.12146228422979981
18,24,-0.07851186786166679
18,25,-0.034916510561318816
18,26,0.02729865368336948
18,27,0.12918789459989752
18,28,-0.01948860958183157
18,29,0.010088710393333079
18,30,0.044776468357285215
18,31,0.0028463239545048584
18,32,-0.010873362293384965
18,33,-0.00375925319001777
18,34,-0.31622946182666073
18,35,0.06273254003884295
18,36,-0.062429905284445406
18,37,0.040704758253210446
18,38,0.0349086720383566
18,39,0.01875745734199501
18,40,0.12552744562929632
18,41,0.05837982569488868
18,42,-0.10055054758333826
18,43,0.07631450725392397
18,44,0.07618142761775329
18,45,-0.09694387896599344
18,46,-0.04288466103649975
18,47,0.016898324241747982
18,48,0.02926484685741188
18,49,0.02448926173697391
18,50,-0.029598430666480924
18,51,-0.018798444523695005
18,52,-0.0009837377953935827
18,53,-0.08336315184322929
18,54,-0.013285008359125433
18,55,0.06436381321234703
18,56,0.016617144481264202
18,57,0.09978594864170755
18,58,0.11318044596920418
18,59,-0.26812261420880024
18,60,-0.14975432225749993
18,61,-0.02762815404256977
18,62,0.16612850637802543
18,63,-0.00993124735953512
19,20,-0.01853179798823841
19,21,0.001567255191532849
19,22,0.016626057869442556
19,23,0.0346481542611106
19,24,-0.003326500265005854
19,25,-0.07259608976123316
19,26,-0.0004040576880980894
19,27,-0.00998514071392206
19,28,0.1047376879380451
19,29,0.06567990880218774
19,30,-0.03632882174921043
19,31,0.03417748099032897
19,32,0.03050252601908101
19,33,0.13503550171691828
19,34,0.0053456154680521
19,35,-0.05091109412995925
19,36,0.06372568682129193
19,37,-0.039028621455251836
19,38,0.04777434172996346
19,39,0.007610684380935994
19,40,0.005786580890558284
19,41,0.013237189895050922
19,42,-0.01191226411894139
19,43,0.03201213084886235
19,44,-0.07908762233964725
19,45,0.07247966272562638
19,46,0.04346670562766487
19,47,0.023035330398687184
19,48,0.09080782224017842
19,49,-0.054817929764613096
19,50,-0.06806452973917004
19,51,0.11836909578148205
19,52,-0.0008410748889537647
19,53,0.035535208117332316
19,54,-0.0635396075917988
19,55,-0.000667371942507051
19,56,0.0786983499577953
19,57,0.010050466625936267
19,58,-0.028211400686223832
19,59,0.0056967455230417016
19,60,0.020845490531122973
19,61,0.016060020905265315
19,62,-0.05075770326063389
19,63,-0.029592786300515456
20,21,-0.1144384342378661
20,22,0.12302395893389904
20,23,0.09300540275454089
20,24,0.06773298015213118
20,25,-0.03134055840684893
20,26,-0.036515902592151844
20,27,0.017145567102305102
20,28,0.004794285807774384
20,29,0.13510038771083907
20,30,-0.09840525851621279
20,31,-0.11974002660318034
20,32,-0.08324000814116711
20,33,0.06342344056555782
20,34,-0.020806500868583957
20,35,0.09860209841598183
20,36,-0.003257190031959935
20,37,-0.048615621838962966
20,38,0.07086138857802435
20,39,0.08664262654058115
20,40,-0.120401220947738
20,41,0.04490079500397599
20,42,-0.08291177832488018
20,43,-0.06845939748321551
20,44,0.006731853111163908
20,45,0.03533575523151556
20,46,0.10106274440992874
20,47,-0.07412003615039069
20,48,-0.01574986672078503
20,49,0.008066262793888944
20,50,0.022459105401806047
20,51,-0.13274992347246675
20,52,-0.0004913343964957291
20,53,0.14874456293872018
20,54,-0.0315055940544458
20,55,-0.12583788839938442
20,56,-0.14093099904341372
20,57,0.07403447149351489
20,58,0.06136686958388208
20,59,-0.01516019535620584
20,60,0.006109374927849869
20,61,0.08605881434494045
20,62,-0.09105914288480262
20,63,0.06692012295978077
21,22,-0.11054451024337952
21,23,-0.03467244794125905
21,24,0.003990216032673839
21,25,-0.10203444971061311
21,26,0.08784271251431874
21,27,0.09035347390340262
21,28,-0.011882190254911822
21,29,-0.055013427349710646
21,30,-0.07483209038837511
21,31,-0.0036755635647201215
21,32,0.02623039566221331
21,33,0.02309281089230927
21,34,-0.0667677022331384
21,35,-0.055445481266552424
21,36,0.07458943833421361
21,37,-0.008551029340922573
21,38,-0.02023601034309757
21,39,-0.03964262870176149
21,40,-0.05304788506029284
21,41,-0.09950837824029485
21,42,0.015291402481047699
21,43,0.019103131465417478
21,44,0.0862387713393708
21,45,-0.011107445760964613
21,46,-0.09550556924800421
21,47,-0.07360741822702196
21,48,0.08059980800510527
21,49,0.09995019965564408
21,50,-0.17206839800450652
21,51,-0.01724160914907865
21,52,-0.09900250462679734
21,53,-0.11875854486398625
21,54,-0.008571447876736995
21,55,0.06255897123191463
21,56,0.004845870088025585
21,57,-0.02380566626027561
21,58,0.06917110534031302
21,59,0.0280753767039033
21,60,-0.09231210014912719
21,61,-0.10869364362954134
21,62,0.0766417381357436
21,63,0.04366817264322781
22,23,-0.02704293905361437
22,24,-0.0019937762869400885
22,25,-0.008944389354476435
22,26,0.04403856985387171
22,27,0.009872688721012723
22,28,0.03338008458775747
22,29,0.010555655665853711
22,30,-0.014361841459660456
22,31,0.00011810452963833606
22,32,-0.003248152376878151
22,33,0.0458369213619938
22,34,0.13071237661727275
22,35,0.23424385819961382
22,36,-0.09081325888479194
22,37,0.007386022980833214
22,38,-0.008756896754253769
22,39,0.6291423880752367
22,40,-0.0006036439648162755
22,41,0.1684781596935096
22,42,-0.13101914008652724
22,43,0.2279123025069942
22,44,0.03016783926955565
22,45,0.01718626525452672
22,46,0.08900849667479616
22,47,0.032340811905224635
22,48,-0.0233327566102164
22,49,0.007484866792986355
22,50,-0.017591458005776724
22,51,-0.10864387289224046
22,52,0.09427167596145387
22,53,-0.050081878917532976
22,54,0.08334980810922098
22,55,-0.14632194109192964
22,56,-0.028473220361102086
22,57,0.09084249740259322
22,58,-0.052947991828076746
22,59,-0.11568180713593429
22,60,-0.10220945221513904
22,61,0.12583336988717145
22,62,-0.009820392374973556
22,63,-0.048926419639893484
23,24,-0.049711908256739115
23,25,0.09417340964961383
23,26,0.06473721939630876
23,27,0.0038897867938449105
23,28,-0.027561748764520583
23,29,0.08871243740231108
23,30,-0.031005053620183614
23,31,0.012829323854938242
23,32,-0.161937318517364
23,33,-0.07590360401267111
23,34,-0.008617150158902746
23,35,-0.03706296746517978
23,36,-0.017243899520028635
23,37,-0.09557554450180535
23,38,0.011558462691741154
23,39,0.01332634609872426
23,40,-0.0321231663051428
23,41,-0.004891256894286441
23,42,-0.08269616185111844
23,43,0.0024927357517997824
23,44,0.039470894442125745
23,45,-0.12479955058309335
23,46,0.03295424914815084
23,47,0.030610783452277874
23,48,-0.08705785733771797
23,49,0.056044532063677426
23,50,-0.06598234333664557
23,51,-0.032880081890001835
23,52,0.10832096580762267
23,53,0.015541286435853003
23,54,-0.04979066822942225
23,55,0.13797062014350617
23,56,0.13106349855441957
23,57,0.02841751392546708
23,58,0.014303525800984408
23,59,-0.11826447139682751
23,60,0.035619999109043746
23,61,-0.012890497417540746
23,62,-0.02526277284068866
23,63,-0.1092452392774701
24,25,-0.1376292788151756
24,26,0.07523697994501428
24,27,-0.07485840921258079
24,28,0.14647555610876206
24,29,0.09748263692119438
24,30,-0.08326428791641695
24,31,0.007576659302807927
24,32,0.0523203495250751
24,33,-0.004835128634539797
24,34,-0.023417156292562413
24,35,-0.025576637926531844
24,36,0.06399479316752749
24,37,0.019101584193419535
24,38,0.0908286119602306
24,39,-0.009296863792092817
24,40,-0.04783580820713256
24,41,-0.00843995770303092
24,42,0.012562987138235492
24,43,-0.058341544626067464
24,44,0.16260842908730833
24,45,0.08710736111142132
24,46,-0.041372466102618216
24,47,0.015644753725797593
24,48,0.09863972094868995
24,49,-0.02189183133771023
24,50,0.042216427872319044
24,51,0.07804110117302317
24,52,0.10483686950268091
24,53,0.09265296179773229
24,54,-0.042889111298195615
24,55,-0.003974307614728753
24,56,0.10030615241122935
24,57,0.022505120269405755
24,58,-0.11979691624691935
24,59,-0.0288131838224658
24,60,0.04574603544330062
24,61,-0.034200954847180554
24,62,-0.03926371070511439
24,63,-0.08302797400407205
25,26,0.1570670189751123
25,27,0.010734876449760131
25,28,0.04263975117311172
25,29,-0.06948855962497436
25,30,0.16311760683959142
25,31,0.04602281097194071
25,32,-0.04712944545862779
25,33,-0.03392166540578012
25,34,0.03811442936312702
25,35,-0.054439971538237465
25,36,-0.10606907273723759
25,37,-0.10021637000557866
25,38,-0.20056362643287542
25,39,0.013759256174256643
25,40,-0.029705000395598247
25,41,-0.09956278021312885
25,42,-0.04379340461700919
25,43,0.039072834889614
25,44,0.025530880264036153
25,45,-0.09521407193173059
25,46,-0.08248868791690124
25,47,0.05288294666508312
25,48,0.09485023745421103
25,49,-0.15886140079815417
25,50,0.028180521983198103
25,51,0.26774413261522584
25,52,0.013876764489774956
25,53,-0.07769843598340256
25,54,-0.0427698815985963
25,55,0.09565899439356701
25,56,0.018244360414775826
25,57,-0.025184144843931822
25,58,-0.06934502662585044
25,59,0.047356997424905865
25,60,0.15981402687031054
25,61,-0.08389200765447628
25,62,0.019338880331407723
25,63,-0.017761282005296933
26,27,-0.08547577242056048
26,28,0.05597460801162452
26,29,0.13619513499339064
26,30,0.14957088883209943
26,31,0.3140104121122804
26,32,-0.029120970600933285
26,33,-0.014307009424408402
26,34,0.1978869048652728
26,35,0.3430260139820944
26,36,-0.03294468068527451
26,37,-0.09609399995595348
26,38,0.010113225963844537
26,39,0.0745229657187639
26,40,-0.14566082496464644
26,41,0.02349146343901959
26,42,0.08236680476927256
26,43,0.07597912536307874
26,44,0.06947102940678437
26,45,-0.0105219566956148
26,46,-0.3576456476411629
26,47,-0.10904179729536717
26,48,0.1692112444238028
26,49,0.03139932122631754
26,50,0.08020726424483524
26,51,-0.013778994459228793
26,52,-0.01915640643234634
26,53,-0.011080324864386914
26,54,-0.07176298030775073
26,55,0.015883817339188363
26,56,0.007024683732835498
26,57,-0.029985627138477775
26,58,-0.03341321330090481
26,59,-0.035238435282820016
26,60,0.11605077953204078
26,61,-0.287411265114796
26,62,-0.18571876766442158
26,63,0.04229284089939124
27,28,-0.047134229069586954
27,29,-0.09697356185278039
27,30,-0.03868685012895825
27,31,0.024441492770827314
27,32,0.0573246608515709
27,33,-0.12299481654720454
27,34,-0.16388182854404026
27,35,-0.2577342327246987
27,36,-0.11226783108816193
27,37,0.06699977245734984
27,38,-0.09392772216690802
27,39,-0.03080507891316576
27,40,0.04650961202045217
27,41,0.15357760763588088
27,42,0.022014153611776315
27,43,0.06595938090012687
27,44,-0.003566324895955201
27,45,0.07005092057649553
27,46,-0.10918425473702247
27,47,0.033262423740590755
27,48,-0.05984176960067561
27,49,0.008322213081044348
27,50,0.22961356808031802
27,51,0.05032649467382374
27,52,0.07574555883278791
27,53,0.09135372460537676
27,54,0.00784097165120615
27,55,-0.03886815257879819
27,56,0.0878752254261375
27,57,0.07528997755887812
27,58,-0.05441270793535891
27,59,0.14536135547905174
27,60,-0.09568633736605286
27,61,-0.23140405034895825
27,62,0.036488429633908824
27,63,-0.07852308329425842
28,29,0.06674028872899677
28,30,-0.007646547052746525
28,31,-0.10123849945166932
28,32,-0.1722796185966378
28,33,-0.01602016669798526
28,34,0.04949122876106814
28,35,-0.014102794059870081
28,36,0.018513525983189748
28,37,-0.06336885319796604
28,38,0.1304711370159723
28,39,-0.006744023357885225
28,40,-0.053315354017673774
28,41,0.02407031769224633
28,42,-0.022441606179625595
28,43,0.06934774587779997
28,44,-0.08321057596775512
28,45,0.007767730587779809
28,46,0.029385614994598526
28,47,0.16060786713689898
28,48,0.05845042843290628
28,49,-0.07973454322944196
28,50,-0.02302113312631355
28,51,-0.051488396478682204
28,52,0.014899080502658967
28,53,-0.08895616427019798
28,54,-0.09174515590969397
28,55,-0.015643728182361483
28,56,-0.02514120705735544
28,57,0.01644047753376969
28,58,0.011644213352480101
28,59,0.009516104259423078
28,60,0.08303455469706537
28,61,-0.02443308657004064
28,62,-0.009371862565547348
28,63,0.04119910450069019
29,30,0.015918679660902477
29,31,-0.02646395599073589
29,32,0.07046952990438198
29,33,-0.031210405230540996
29,34,0.057715642944494924
29,35,0.039466101499718464
29,36,-0.046692332731744245
29,37,-0.06265580617352287
29,38,0.14070796982839337
29,39,0.031716116175362984
29,40,-0.07921623357298276
29,41,-0.011883197743520743
29,42,-0.03671226103297523
29,43,0.014682229201682976
29,44,-0.004198796784524314
29,45,-0.03715702070882765
29,46,0.0469094914515574
29,47,-0.002945156447252983
29,48,-0.02729543000252994
29,49,0.13463512458396465
29,50,-0.039162049279489644
29,51,-0.14811309136500928
29,52,0.016647996370938403
29,53,0.016470915242823517
29,54,-0.012647275723841436
29,55,-0.04856653519228209
29,56,0.09087467629986888
29,57,0.007980454599199797
29,58,0.11984243093009148
29,59,-0.0901260761408685
29,60,0.0014690316692749224
29,61,-0.04251123076141729
29,62,-0.033081356863617684
29,63,-0.00043832524802429244
30,31,0.03999921664981894
30,32,0.06357914291705127
30,33,0.040808663578707674
30,34,-0.027823593149371106
30,35,0.06613079210492472
30,36,-0.0759989374296129
30,37,0.1796720209748629
30,38,-0.05802771667380561
30,39,0.007842173996558389
30,40,-0.005601395554076022
30,41,-0.0811384595727797
30,42,-0.023713928410136073
30,43,-0.006846853251793619
30,44,-0.12642268145630467
30,45,-0.10761676372075203
30,46,-0.0359242529156582
30,47,-0.03914716599133743
30,48,0.07542759343768757
30,49,0.03290887784575814
30,50,0.015245762794450021
30,51,0.05020436764709769
30,52,-0.058135917145620886
30,53,-0.08304602571426646
30,54,0.02905057490798438
30,55,-0.011893740794263563
30,56,-0.054564111174387794
30,57,-0.048392500209994714
30,58,0.09315071828315219
30,59,-0.04999022925851297
30,60,0.08472144339558539
30,61,-0.04579085011741259
30,62,0.07396785488407445
30,63,0.09762494828807455
31,32,0.13521799934754647
31,33,0.038886134646193976
31,34,-0.0032263880439811
31,35,0.1080320422399243
31,36,0.07688159801349276
31,37,0.0037285421105214054
31,38,-0.09012041289015636
31,39,0.03535331771339281
31,40,-0.005712090679422198
31,41,0.03550292990328127
31,42,0.39229595607958273
31,43,-0.12083164089904098
31,44,0.01751112733892141
31,45,-0.05716416029098248
31,46,-0.21628576100187039
31,47,-0.04613626270234771
31,48,0.0654058689748946
31,49,-0.07617436316177958
31,50,0.27801652257436366
31,51,0.005880884114951041
31,52,-0.015351171662722082
31,53,0.04630483879101242
31,54,0.032509417955237215
31,55,-0.0738549295598985
31,56,0.032242113111500825
31,57,-0.08911818187260129
31,58,-0.12443209344965886
31,59,0.08671225347360113
31,60,0.10385305775081813
31,61,-0.06603828792625778
31,62,-0.03495638929665283
31,63,0.021395521118396283
32,33,0.09592611310695501
32,34,-0.010817992093462219
32,35,0.047092168149682485
32,36,0.009298450919491082
32,37,0.04605943075240807
32,38,-0.13579972366945453
32,39,-0.04919708482085134
32,40,0.033775464804984126
32,41,0.09699076061790739
32,42,0.12113350943571571
32,43,0.0019069591266937882
32,44,-0.011509196167979305
32,45,-0.04759940924168383
32,46,-0.02615641089403303
32,47,-0.10449858087189869
32,48,0.15417400218810529
32,49,0.048378525782254864
32,50,0.11799700026918991
32,51,-0.17497662072386067
32,52,0.03437318095594149
32,53,0.11392369620307481
32,54,0.3004438650122377
32,55,-0.12989924318831603
32,56,0.057256552845572774
32,57,0.040757112860647045
32,58,0.10386934634460253
32,59,0.0528188650933572
32,60,-0.18911250670783344
32,61,0.0017901905737394686
32,62,-0.0358424667839234
32,63,0.009496735781706699
33,34,0.08798278111130978
33,35,0.021929611201484213
33,36,-0.030414004652743055
33,37,-0.09941960848506563
33,38,-0.08271192212981239
33,39,0.035016898278395714
33,40,-0.14033040828579224
33,41,0.05461260062912679
33,42,0.03636073605081281
33,43,-0.07069485460952421
33,44,-0.033328830900722736
33,45,0.0046029503333784175
33,46,4.6706913612415663e-05
33,47,-0.045705732219897516
33,48,0.1060875837688989
33,49,-0.011542627942892673
33,50,-0.05646617832758926
33,51,-0.13967119676237805
33,52,-0.010739383138157766
33,53,-0.09890569003386752
33,54,0.022269443318028118
33,55,0.006340850234445408
33,56,-0.07119745137500365
33,57,-0.04329141208556542
33,58,0.034552497822154894
33,59,-0.03924571040913075
33,60,-0.06256979768224016
33,61,0.11445116693087683
33,62,0.08321182945962065
33,63,0.11762774461463599
34,35,0.061094764060008425
34,36,-0.09354769536065848
34,37,-0.051602577469354594
34,38,0.022026612546535144
34,39,0.12593711178038147
34,40,-0.16437895616684298
34,41,-0.04552013253282971
34,42,0.10932162262413339
34,43,0.13656504931287494
34,44,0.0005782723045760963
34,45,0.002031057083671186
34,46,-0.11353802563429878
34,47,-0.020351037833394564
34,48,-0.026195417154281878
34,49,0.03915924765910954
34,50,0.05268361421389227
34,51,-0.0932973402283517
34,52,0.061235957316078164
34,53,-0.0231659726322719
34,54,-0.11644511418124329
34,55,-0.07022955520895499
34,56,-0.0032082513971099813
34,57,-0.043676788436520654
34,58,-0.033501728297439234
34,59,0.016662384181416395
34,60,0.03338123086106716
34,61,-0.20942631701269024
34,62,-0.08492116203270685
34,63,0.038314495025940254
35,36,-0.07491303877683679
35,37,-0.019252728001380587
35,38,0.05231428946553725
35,39,0.006125546401637121
35,40,-0.011721790255614213
35,41,0.30698178681662075
35,42,0.09437249090260262
35,43,0.007434976614909826
35,44,-0.022966529418130353
35,45,-0.03120038059118434
35,46,-0.09805780824344765
35,47,-0.0004618581527988934
35,48,0.06208431418042056
35,49,0.05876539243324188
35,50,0.09442923709259457
35,51,-0.07190869025027011
35,52,-0.01522000239785935
35,53,0.059223744627940215
35,54,-0.07967598884671862
35,55,-0.07925160942906771
35,56,-0.06456145202590678
35,57,0.011515982191175857
35,58,-0.017948482807213773
35,59,0.148234403304561
35,60,-0.07192188259264468
35,61,-0.08087965964492368
35,62,-0.05150694540983871
35,63,0.06431291147758555
36,37,0.002220661667293946
36,38,-0.0761854163683693
36,39,-0.09067096135909337
36,40,0.04848130824024808
36,41,-0.0386668985683793
36,42,0.04138388976429519
36,43,-0.10068721373931759
36,44,-0.09729061201103725
36,45,-0.031146466821018678
36,46,0.10744611522043065
36,47,-0.07744911853213961
36,48,-0.030386168552231075
36,49,0.019822353006913394
36,50,-0.04610395065468186
36,51,0.17366180996863376
36,52,0.05538509285190538
36,53,0.14795777255515472
36,54,0.14138521309283716
36,55,0.007168247250145846
36,56,-0.0069983402874146195
36,57,-0.05649096233882411
36,58,0.06581942380929615
36,59,0.05573106677194034
36,60,0.07595233555195564
36,61,-0.019522102378081562
36,62,-0.005256482710688842
36,63,-0.24792481744615327
37,38,-0.044150446886640396
37,39,0.021875267312319167
37,40,-0.03549557143837811
37,41,-0.010951542552370807
37,42,0.04175961502970679
37,43,0.05202380463858318
37,44,-0.21710160509745327
37,45,0.05674292572498687
37,46,-0.06473980150011346
37,47,0.03313863034058074
37,48,-0.02518577306759454
37,49,0.13016918584578208
37,50,-0.013818912289096017
37,51,-0.03966257507995765
37,52,0.06288379580301945
37,53,0.005443953801164773
37,54,0.10305503918638483
37,55,-0.04370994943910398
37,56,-0.13028854723266514
37,57,-0.0634048898730914
37,58,0.10056722804102053
37,59,-0.013352300249199252
37,60,0.07182731273129264
37,61,-0.04298709043354308
37,62,-0.018285174104790018
37,63,-0.062090266616017235
38,39,0.03642231351407934
38,40,0.009574398654175259
38,41,0.052374932898516705
38,42,-0.02773809492767376
38,43,0.06380258878765976
38,44,-0.04196326699165282
38,45,-0.017983121571355978
38,46,0.055557257500476326
38,47,-0.19746164818867376
38,48,-0.1584663529086277
38,49,0.047977227583523366
38,50,0.04624875444735029
38,51,-0.1213620229068689
38,52,-0.0619309517145426
38,53,0.06837174877467617
38,54,-0.02500605544609796
38,55,0.07886472262230089
38,56,0.013512859067646004
38,57,-0.06902660674551506
38,58,-0.0011846487332100803
38,59,-0.12206899553235666
38,60,-0.007088828888611387
38,61,0.04913473197462822
38,62,0.015562511096663598
38,63,0.03064599361876497
39,40,0.0199720779041764
39,41,0.030293679229998257
39,42,-0.5153771348821317
39,43,-0.13020481190474995
39,44,-0.03536739815904535
39,45,-0.009530773934508944
39,46,0.2963533063738822
39,47,-0.014068544017812535
39,48,-0.07660631910001521
39,49,-0.0006587650584588481
39,50,0.008034155262625178
39,51,0.0017679243848591662
39,52,-0.021512904489664537
39,53,0.04746067784798219
39,54,0.043922182844117155
39,55,-0.050019963252556636
39,56,-0.022631330637625166
39,57,0.05714202578633892
39,58,-0.016557355777503148
39,59,-0.0807486568699691
39,60,0.025694716549226695
39,61,0.08578962719506014
39,62,-0.024009392553104397
39,63,-0.09350270140080515
40,41,0.09022177094975187
40,42,-0.14643921395934842
40,43,-0.07242297079858495
40,44,0.131795339251315
40,45,-0.016032496068548993
40,46,0.2144068730261705
40,47,0.06173523967667555
40,48,-0.07938097499159222
40,49,0.03454274578935377
40,50,0.09819110685721041
40,51,0.08328728261501356
40,52,0.00665569080748197
40,53,0.07163673443781653
40,54,0.004931877370789152
40,55,0.047646626717583664
40,56,0.13188242909962955
40,57,-0.06390943269329039
40,58,0.05657474330604434
40,59,0.07335612597986518
40,60,-0.1387517480440258
40,61,0.057269202530471824
40,62,0.14608606271970712
40,63,-0.049506635224093085
41,42,0.02461605575261201
41,43,-0.11078491737381616
41,44,0.11272927496570995
41,45,0.16597045685476353
41,46,0.17808187539816714
41,47,0.02290611836670234
41,48,0.021519265682447854
41,49,-0.02322233909934959
41,50,0.16336190428113465
41,51,-0.08013748190033941
41,52,0.07834961321094774
41,53,0.08195518195260998
41,54,0.020508406650470486
41,55,-0.11864189498294775
41,56,0.014840776643550688
41,57,0.007089562776835507
41,58,0.03439432862641433
41,59,0.08083580599581382
41,60,-0.2517480196247397
41,61,0.051400642762975624
41,62,-0.09302546982281473
41,63,0.04954439110081281
42,43,0.21909959588810357
42,44,-0.07384327873534285
42,45,0.06394088090512218
42,46,-0.43162110769169826
42,47,0.017140714798044073
42,48,0.15978151076037592
42,49,0.027708981504619427
42,50,-0.0980360030227973
42,51,-0.13391539294396718
42,52,0.04397330262913135
42,53,-0.05554126299731264
42,54,-0.03526297646573608
42,55,-0.058829300681881115
42,56,-0.06951273394673736
42,57,-0.027544478461500935
42,58,-0.07585960651769262
42,59,-0.026755495646352368
42,60,0.005918375214594078
42,61,-0.13303191198920053
42,62,-0.1569112497107459
42,63,0.02867542951000429
43,44,0.039027041306994595
43,45,0.07412560303072686
43,46,-0.4803740559636966
43,47,0.058377906680174015
43,48,-0.009992132388973913
43,49,-0.008956778100871329
43,50,-0.012739196227807633
43,51,-0.05888936904032087
43,52,0.01724833810885457
43,53,-0.03388258999409684
43,54,0.05405893727623178
43,55,0.001603605436540628
43,56,-0.031278417042322634
43,57,-0.05173686845218843
43,58,0.02740732336553342
43,59,-0.23775209637185107
43,60,-0.06152679808460066
43,61,0.0609159174053815
43,62,-0.24549827136768318
43,63,9.957384955230233e-05
44,45,0.07378020303811683
44,46,0.02018315648106397
44,47,0.013675675211626675
44,48,-0.020992580929733533
44,49,0.02343962172993092
44,50,0.014077496033840089
44,51,0.035459145850582005
44,52,-0.03235513585694472
44,53,0.08440989427527225
44,54,-0.13004677153981137
44,55,-0.005255871171982449
44,56,0.07672232847803219
44,57,0.017830986211687303
44,58,0.06733338586356057
44,59,-0.10251961237489873
44,60,-0.19063382288738215
44,61,-0.018259606730752834
44,62,0.0772013150525126
44,63,-0.015642797703954076
45,46,-0.08017908597562988
45,47,0.0719086183249112
45,48,0.03991626174249798
45,49,-0.08801530385162368
45,50,-0.12421993844086684
45,51,0.033121477126425415
45,52,0.09986737907779368
45,53,0.008899164917232824
45,54,-0.14714614454963146
45,55,-0.12167264757345342
45,56,0.029193107294881396
45,57,-0.048406075840999194
45,58,-0.05307281348931429
45,59,-0.045076025319679046
45,60,-0.016518627043139906
45,61,0.15992367789965165
45,62,-0.009071148426102604
45,63,-0.03775313755482353
46,47,0.018579330130064426
46,48,-0.08326578278399542
46,49,-0.002795016916087781
46,50,-0.057948526304848876
46,51,0.05570974575150657
46,52,-0.09422651169985775
46,53,0.06956010761119341
46,54,0.04981304424405951
46,55,-0.027159961009194045
46,56,0.028700034203626514
46,57,0.0532283704650249
46,58,0.06817536048796796
46,59,0.11520457268604258
46,60,-0.22639665460007496
46,61,0.2329279582173504
46,62,0.18448231198143253
46,63,-0.12409047981294037
47,48,0.05292136083088753
47,49,-0.04498316593336289
47,50,-0.07872927540186936
47,51,-0.08664575179937738
47,52,0.08446601135897448
47,53,-0.03810995148752471
47,54,-0.10396909584566635
47,55,-0.03592993963610281
47,56,0.013840560456305509
47,57,0.1566325341145276
47,58,0.07212917504786395
47,59,-0.047739668588262646
47,60,0.058131444245692165
47,61,0.04841822270443356
47,62,-0.0386832786566499
47,63,-0.06949274236631195
48,49,-0.1351133278385775
48,50,-0.07077777660164407
48,51,-0.02043201310128543
48,52,-0.03650146426208149
48,53,-0.05392815382188169
48,54,-0.009670346176778633
48,55,-0.09723206144426146
48,56,-0.05353900092541357
48,57,-0.001372615143020356
48,58,-0.12277817955737404
48,59,-0.009868501711082377
48,60,-0.10367737354018405
48,61,-0.07457463944448355
48,62,0.028314705211880148
48,63,0.0021837919268825686
49,50,-0.00420189230000539
49,51,-0.1729464429622735
49,52,-0.016778130379005652
49,53,0.10058475078962449
49,54,0.0013654910681436827
49,55,0.0696175997713494
49,56,0.13226601476212588
49,57,0.020471242219912377
49,58,0.0047518676573076925
49,59,-0.0037724122334580755
49,60,-0.0879272911870134
49,61,-0.05146375062196857
49,62,-0.01394324011556777
49,63,0.004347691522322046
50,51,-0.037431891462549764
50,52,-0.0017373069128670637
50,53,0.16012410617449815
50,54,0.1374329167273297
50,55,-0.13906917507777947
50,56,0.0938816380154043
50,57,-0.11231383938201238
50,58,-0.07225101275413723
50,59,-0.013497708467567334
50,60,0.0868558601987163
50,61,-0.17550853113531104
50,62,0.13216193205917248
50,63,-0.03866494051444351
51,52,-0.18580227049225015
51,53,-0.015980247773904433
51,54,-0.10862587427014912
51,55,0.16489963921660333
51,56,0.03711294183615654
51,57,-0.18224993989059318
51,58,-0.12697427699938849
51,59,0.14156576831364662
51,60,0.19826626471001188
51,61,-0.05268937761258872
51,62,0.0951880334580814
51,63,-0.013972922115447144
52,53,0.07268047925931788
52,54,0.02559297086995692
52,55,-0.1018464238278489
52,56,-0.06302336352600198
52,57,0.1476724951598712
52,58,-0.090514749056477
52,59,-0.08551593013010741
52,60,-0.03609330745706386
52,61,0.022393691718143986
52,62,-0.11231140972498234
52,63,-0.22237721167153124
53,54,0.16128505846442343
53,55,-0.13560029786474634
53,56,0.06656103486294362
53,57,0.07197152261528272
53,58,-0.03490071850719961
53,59,0.011827559840892933
53,60,-0.028731323922258245
53,61,-0.05465045606710056
53,62,-0.0685751476601663
53,63,-0.20783037866382506
54,55,-0.07883771749247273
54,56,0.050713102288325644
54,57,0.05297015703266891
54,58,0.06847042892203324
54,59,0.03537772995177908
54,60,-0.013315229805295854
54,61,0.049538594569393336
54,62,0.015742701420500223
54,63,-0.1916021706135851
55,56,-0.11596444218781501
55,57,-0.12091139048070468
55,58,0.02496353915408667
55,59,0.08945661475519043
55,60,0.049521258231115785
55,61,0.02524457266280257
55,62,0.053261824183172456
55,63,0.07874329357538189
56,57,0.08134542807305428
56,58,-0.03253603297112315
56,59,-0.028888411236709415
56,60,-0.08368520620232169
56,61,0.01740647587632765
56,62,0.099230863085448
56,63,-0.17342242060465068
57,58,0.021413255203037745
57,59,-0.08797971320109128
57,60,-0.14385723568820316
57,61,0.04399000789206521
57,62,-0.16501441341370196
57,63,-0.021276534109037872
58,59,-0.073939789354825
58,60,0.03928218633633799
58,61,0.019011889359632765
58,62,0.05468486262697342
58,63,-0.01332388059515036
59,60,0.010800595497227823
59,61,-0.014446594598394234
59,62,-0.06711121039876498
59,63,0.04101002758158871
60,61,-0.060055420567393186
60,62,-0.0808562640704433
60,63,-0.007987997342443815
61,62,-0.04161810382130704
61,63,0.04670876473790997
62,63,-0.112265484522347
